{
    "loader": "flansmod:turborig",
    "display": {
        "fixed": {
            "translation": [
                6.0,
                6.0,
                6.0
            ],
            "rotation": [
                0.0,
                180.0,
                45.0000038
            ],
            "scale": [
                1.0,
                1.0,
                1.0
            ]
        },
        "ground": {
            "translation": [
                0.0,
                0.15,
                0.0
            ],
            "rotation": [
                0.0,
                180.0,
                0.0
            ],
            "scale": [
                0.0625,
                0.0625,
                0.0625
            ]
        },
        "head": {
            "translation": [
                0.0,
                0.0,
                0.0
            ],
            "rotation": [
                270.0,
                180.0,
                0.0
            ],
            "scale": [
                1.0,
                1.0,
                1.0
            ]
        },
        "gui": {
            "translation": [
                0.0110485358,
                -0.0624999925,
                0.0110485433
            ],
            "rotation": [
                0.0,
                315.0,
                90.0
            ],
            "scale": [
                6.4,
                6.4,
                6.4
            ]
        },
        "thirdperson_lefthand": {
            "translation": [
                8.0,
                8.0,
                6.0
            ],
            "rotation": [
                0.0,
                270.0,
                0.0
            ],
            "scale": [
                1.0,
                1.0,
                1.0
            ]
        },
        "thirdperson_righthand": {
            "translation": [
                8.0,
                8.0,
                6.0
            ],
            "rotation": [
                0.0,
                270.0,
                0.0
            ],
            "scale": [
                1.0,
                1.0,
                1.0
            ]
        },
        "firstperson_lefthand": {
            "translation": [
                -8.0,
                -7.0,
                -13.0
            ],
            "rotation": [
                0.0,
                270.0,
                0.0
            ],
            "scale": [
                1.0,
                1.0,
                1.0
            ]
        },
        "firstperson_righthand": {
            "translation": [
                8.0,
                -7.0,
                -13.0
            ],
            "rotation": [
                0.0,
                270.0,
                0.0
            ],
            "scale": [
                1.0,
                1.0,
                1.0
            ]
        }
    },
    "textures": {
        "default": "flansvendersgame:skins/dragons_breath_infuser"
    },
    "icons": {
        "default": "flansvendersgame:item/dragons_breath_infuser"
    },
    "animations": {
        "gun_slide_distance": 0.5,
        "pump_delay_after_reload": 115.0,
        "pump_delay": 6.0,
        "pump_time": 9.0,
        "pump_handle_distance": -0.25,
        "num_bullets_in_reload_animation": 7.0
    },
    "parts": {
        "body": {
            "origin": [
                0.0,
                0.0,
                0.0
            ],
            "material": "Cutout",
            "turboelements": [
                {
                    "verts": [
                        [
                            0.0,
                            0.0,
                            0.125
                        ],
                        [
                            2.0,
                            0.0,
                            0.125
                        ],
                        [
                            -0.25,
                            1.0,
                            0.125
                        ],
                        [
                            1.75,
                            1.0,
                            0.125
                        ],
                        [
                            0.0,
                            0.0,
                            0.875
                        ],
                        [
                            2.0,
                            0.0,
                            0.875
                        ],
                        [
                            -0.25,
                            1.0,
                            0.875
                        ],
                        [
                            1.75,
                            1.0,
                            0.875
                        ]
                    ],
                    "eulerRotations": [
                        0.0,
                        90.0,
                        0.0
                    ],
                    "rotationOrigin": [
                        -1.49999976,
                        -1.0,
                        -1.6
                    ],
                    "faces": {
                        "north": {
                            "uv": [
                                0.0625,
                                0.25,
                                0.09375,
                                0.5
                            ],
                            "rotation": 0,
                            "texture": "#default"
                        },
                        "east": {
                            "uv": [
                                0.046875,
                                0.25,
                                0.0625,
                                0.5
                            ],
                            "rotation": 0,
                            "texture": "#default"
                        },
                        "south": {
                            "uv": [
                                0.015625,
                                0.25,
                                0.046875,
                                0.5
                            ],
                            "rotation": 0,
                            "texture": "#default"
                        },
                        "west": {
                            "uv": [
                                0.0,
                                0.25,
                                0.015625,
                                0.5
                            ],
                            "rotation": 0,
                            "texture": "#default"
                        },
                        "up": {
                            "uv": [
                                0.015625,
                                0.0,
                                0.046875,
                                0.25
                            ],
                            "rotation": 90,
                            "texture": "#default"
                        },
                        "down": {
                            "uv": [
                                0.046875,
                                0.0,
                                0.078125,
                                0.25
                            ],
                            "rotation": 0,