{
    "loader": "flansmod:turborig",
    "display": {
        "fixed": {
            "translation": [
                6.0,
                6.0,
                6.0
            ],
            "rotation": [
                0.0,
                270.0,
                45.0
            ],
            "scale": [
                1.0,
                1.0,
                1.0
            ]
        },
        "ground": {
            "translation": [
                0.0,
                0.15,
                0.0
            ],
            "rotation": [
                0.0,
                270.0,
                0.0
            ],
            "scale": [
                0.0625,
                0.0625,
                0.0625
            ]
        },
        "head": {
            "translation": [
                0.0,
                0.0,
                0.0
            ],
            "rotation": [
                270.0,
                270.0,
                0.0
            ],
            "scale": [
                1.0,
                1.0,
                1.0
            ]
        },
        "gui": {
            "translation": [
                0.025996564,
                -0.04779411,
                0.0259965733
            ],
            "rotation": [
                0.0,
                45.0,
                90.0
            ],
            "scale": [
                7.529412,
                7.529412,
                7.529412
            ]
        },
        "thirdperson_lefthand": {
            "translation": [
                8.0,
                8.0,
                6.0
            ],
            "rotation": [
                0.0,
                0.0,
                0.0
            ],
            "scale": [
                1.0,
                1.0,
                1.0
            ]
        },
        "thirdperson_righthand": {
            "translation": [
                8.0,
                8.0,
                6.0
            ],
            "rotation": [
                0.0,
                0.0,
                0.0
            ],
            "scale": [
                1.0,
                1.0,
                1.0
            ]
        },
        "firstperson_lefthand": {
            "translation": [
                -8.0,
                -7.0,
                -13.0
            ],
            "rotation": [
                0.0,
                0.0,
                0.0
            ],
            "scale": [
                1.0,
                1.0,
                1.0
            ]
        },
        "firstperson_righthand": {
            "translation": [
                8.0,
                -7.0,
                -13.0
            ],
            "rotation": [
                0.0,
                0.0,
                0.0
            ],
            "scale": [
                1.0,
                1.0,
                1.0
            ]
        }
    },
    "textures": {
        "default": "flansvendersgame:skins/hm_flashlight_mini"
    },
    "icons": {
        "default": "flansvendersgame:item/hm_flashlight_mini"
    },
    "animations": {},
    "parts": {
        "body": {
            "origin": [
                0.0,
                0.0,
                0.0
            ],
            "material": "Cutout",
            "turboelements": [
                {
                    "verts": [
                        [
                            0.0,
                            0.0,
                            0.0
                        ],
                        [
                            1.0,
                            0.0,
                            0.0
                        ],
                        [
                            0.0,
                            1.5,
                            0.0
                        ],
                        [
                            1.0,
                            1.5,
                            0.0
                        ],
                        [
                            0.0,
                            0.0,
                            1.5
                        ],
                        [
                            1.0,
                            0.0,
                            1.5
                        ],
                        [
                            0.0,
                            1.5,
                            1.5
                        ],
                        [
                            1.0,
                            1.5,
                            1.5
                        ]
                    ],
                    "eulerRotations": [
                        0.0,
                        90.0,
                        0.0
                    ],
                    "rotationOrigin": [
                        -0.750000358,
                        -2.25,
                        -2.75
                    ],
                    "faces": {
                        "north": {
                            "uv": [
                                0.15625,
                                0.5,
                                0.1875,
                                1.0
                            ],
                            "rotation": 180,
                            "texture": "#default"
                        },
                        "east": {
                            "uv": [
                                0.09375,
                                0.5,
                                0.15625,
                                1.0
                            ],
                            "rotation": 180,
                            "texture": "#default"
                        },
                        "south": {
                            "uv": [
                                0.0625,
                                0.5,
                                0.09375,
                                1.0
                            ],
                            "rotation": 180,
                            "texture": "#default"
                        },
                        "west": {
                            "uv": [
                                0.0,
                                0.5,
                                0.0625,
                                1.0
                            ],
                            "rotation": 180,
                            "texture": "#default"
                        },
                        "up": {
                            "uv": [
                                0.0625,
                                0.0,
                                0.09375,
                                0.5
                            ],
                            "rotation": 180,
                            "texture": "#default"
                        },
                        "down": {
                            "uv": [
                                0.09375,
                                0.0,
                                0.125,
                                0.5
                            ],
                            "rotation": 270,