{
    "loader": "flansmod:turborig",
    "display": {
        "fixed": {
            "translation": [
                6.0,
                6.0,
                6.0
            ],
            "rotation": [
                0.0,
                270.0,
                45.0
            ],
            "scale": [
                1.0,
                1.0,
                1.0
            ]
        },
        "ground": {
            "translation": [
                0.0,
                0.15,
                0.0
            ],
            "rotation": [
                0.0,
                270.0,
                0.0
            ],
            "scale": [
                0.0625,
                0.0625,
                0.0625
            ]
        },
        "head": {
            "translation": [
                0.0,
                0.0,
                0.0
            ],
            "rotation": [
                270.0,
                270.0,
                0.0
            ],
            "scale": [
                1.0,
                1.0,
                1.0
            ]
        },
        "gui": {
            "translation": [
                -0.0108030178,
                -1.86264515E-09,
                -0.0186597612
            ],
            "rotation": [
                0.0,
                45.0,
                90.0
            ],
            "scale": [
                3.55555558,
                3.55555558,
                3.55555558
            ]
        },
        "thirdperson_lefthand": {
            "translation": [
                8.0,
                8.0,
                6.0
            ],
            "rotation": [
                0.0,
                0.0,
                0.0
            ],
            "scale": [
                1.0,
                1.0,
                1.0
            ]
        },
        "thirdperson_righthand": {
            "translation": [
                8.0,
                8.0,
                6.0
            ],
            "rotation": [
                0.0,
                0.0,
                0.0
            ],
            "scale": [
                1.0,
                1.0,
                1.0
            ]
        },
        "firstperson_lefthand": {
            "translation": [
                -8.0,
                -7.0,
                -13.0
            ],
            "rotation": [
                0.0,
                345.0,
                0.0
            ],
            "scale": [
                1.0,
                1.0,
                1.0
            ]
        },
        "firstperson_righthand": {
            "translation": [
                8.0,
                -7.0,
                -13.0
            ],
            "rotation": [
                0.0,
                195.0,
                0.0
            ],
            "scale": [
                1.0,
                1.0,
                1.0
            ]
        }
    },
    "textures": {
        "venders_radio": "flansvendersgame:skins/venders_radio"
    },
    "icons": {
        "default": "flansvendersgame:item/venders_radio"
    },
    "animations": {},
    "parts": {
        "body": {
            "origin": [
                0.0,
                0.0,
                0.0
            ],
            "material": "Cutout",
            "turboelements": [
                {
                    "verts": [
                        [
                            0.0,
                            0.0,
                            0.0
                        ],
                        [
                            0.5,
                            0.0,
                            0.0
                        ],
                        [
                            0.0,
                            3.0,
                            0.0
                        ],
                        [
                            0.5,
                            3.0,
                            0.0
                        ],
                        [
                            0.0,
                            0.0,
                            0.5
                        ],
                        [
                            0.5,
                            0.0,
                            0.5
                        ],
                        [
                            0.0,
                            3.0,
                            0.5
                        ],
                        [
                            0.5,
                            3.0,
                            0.5
                        ]
                    ],
                    "eulerRotations": [
                        0.0,
                        90.0,
                        0.0
                    ],
                    "rotationOrigin": [
                        -0.7499999,
                        3.0,
                        -1.25
                    ],
                    "faces": {
                        "north": {
                            "uv": [
                                0.09375,
                                0.125,
                                0.125,
                                0.5
                            ],
                            "rotation": 0,
                            "texture": "#default"
                        },
                        "east": {
                            "uv": [
                                0.0625,
                                0.125,
                                0.09375,
                                0.5
                            ],
                            "rotation": 0,
                            "texture": "#default"
                        },
                        "south": {
                            "uv": [
                                0.03125,
                                0.125,
                                0.0625,
                                0.5
                            ],
                            "rotation": 0,
                            "texture": "#default"
                        },
                        "west": {
                            "uv": [
                                0.0,
                                0.125,
                                0.03125,
                                0.5
                            ],
                            "rotation": 0,
                            "texture": "#default"
                        },
                        "up": {
                            "uv": [
                                0.03125,
                                0.0,
                                0.0625,
                                0.125
                            ],
                            "rotation": 90,
                            "texture": "#default"
                        },
                        "down": {
                            "uv": [
                                0.0625,
                                0.0,
                                0.09375,
                                0.125
                            ],
                            "rotation": 0,